{
  "positionA": {
    "x": -15.31,
    "y": 8.23,
    "z": 30.2,
    "pitch": 2.1,
    "yaw": 3.86,
    "roll": 0.97
  },
  "positionB": {
    "x": -50,
    "y": 13.97,
    "z": 31.94,
    "pitch": -1.4000000000000001,
    "yaw": 3.18,
    "roll": 1.96
  },
  "positionBoth": {
    "x": -16.94,
    "y": 84.18,
    "z": -30.41,
    "pitch": 2.13,
    "yaw": -108.53,
    "roll": 0.15
  },
  "cameraTargetHeight": 60,
  "positionGround": -16.77,
  "playhead": 0.32426067664303776,
  "time": -0.4559714751758823
}