
{
  "cameras": [
    {
      "fovx": 365.202301025,
      "fovy": 365.202301025,
      "ppx": 254.881698608,
      "ppy": 212.481292725,
      "width": 512.000000000,
      "height": 424.000000000,
        "minDepth": 2046.335693359,
        "maxDepth": 5131.1328125

    },
    {
      "fovx": 364.552368164,
      "fovy": 364.552368164,
      "ppx": 259.363708496,
      "ppy": 205.818801880,
      "width": 512.000000000,
      "height": 424.000000000,
        "minDepth": 1935.743896484,
        "maxDepth": 5151.271972656

    }
  ]


}