{
  "positionA": {
    "x": -60.67,
    "y": 2.94,
    "z": 36.76,
    "pitch": 1.2000000000000002,
    "yaw": -2.1,
    "roll": 1.04
  },
  "positionB": {
    "x": -9.41,
    "y": 10,
    "z": -71.33,
    "pitch": -0.3,
    "yaw": -4.41,
    "roll": 1.96
  },
  "positionBoth": {
    "x": 23.52,
    "y": 90.99,
    "z": -25,
    "pitch": -3.8200000000000003,
    "yaw": -100.59,
    "roll": 3.68
  },
  "cameraTargetHeight": 150,
  "positionGround": -19,
  "playhead": 0.3799058087479565,
  "time": 0.029294632625983308
}