
{
  "cameras": [
    {
      "fovx": 365.202301025,
      "fovy": 365.202301025,
      "ppx": 254.881698608,
      "ppy": 212.481292725,
      "width": 512.000000000,
      "height": 424.000000000,
        "minDepth": 1698.145507812,
        "maxDepth": 4156.434082031

    },
    {
      "fovx": 364.552368164,
      "fovy": 364.552368164,
      "ppx": 259.363708496,
      "ppy": 205.818801880,
      "width": 512.000000000,
      "height": 424.000000000,
        "minDepth": 1730.214599609,
        "maxDepth": 4192.732421875

    }
  ]


}