{
  "positionA": {
    "x": -30.89,
    "y": 2.94,
    "z": 36.76,
    "pitch": 1.5,
    "yaw": 2.54,
    "roll": 0.97
  },
  "positionB": {
    "x": -7.73,
    "y": 10,
    "z": 5.88,
    "pitch": -0.07,
    "yaw": -0.77,
    "roll": 1.96
  },
  "positionBoth": {
    "x": -11.790000000000001,
    "y": 95.95,
    "z": -25,
    "pitch": 1.25,
    "yaw": -102.58,
    "roll": -1.62
  },
  "cameraTargetHeight": 110,
  "positionGround": -10.15,
  "playhead": 0.19887345496370257,
  "time": 0.1616399347537647
}