{
  "positionA": {
     "x": -30.89,
     "y": 2.94,
     "z": 36.76,
     "pitch": 1.5,
     "yaw": 2.54,
     "roll": 0.97
   },
   "positionB": {
     "x": -7.73,
     "y": 10,
     "z": -71.33,
     "pitch": -0.74,
     "yaw": -4.41,
     "roll": 1.96
   },
   "positionBoth": {
     "x": 30.14,
     "y": 99.26,
     "z": -20.59,
     "pitch": 1.25,
     "yaw": -104.56,
     "roll": -1.62
   },
  "cameraTargetHeight": 160,
  "positionGround": -8.4,
  "playhead": 0.7502655980700861,
  "time": -0.10305066950179809
}