
{
  "cameras": [
    {
      "fovx": 365.202301025,
      "fovy": 365.202301025,
      "ppx": 254.881698608,
      "ppy": 212.481292725,
      "width": 512.000000000,
      "height": 424.000000000,
        "minDepth": 1888.328857422,
        "maxDepth": 5293.333984375

    },
    {
      "fovx": 364.552368164,
      "fovy": 364.552368164,
      "ppx": 259.363708496,
      "ppy": 205.818801880,
      "width": 512.000000000,
      "height": 424.000000000,
        "minDepth": 1908.576660156,
        "maxDepth": 5211.913085938

    }
  ]


}