{
  "fades": [

  ],
  "edits": [
    [
      {
        "video": {
          "start": 33.252999235745655,
          "end": 47.71752012223602
        },
        "data": {
          "start": 33203.42806524623,
          "end": 47716.69706524623
        }
      },
      {
        "video": {
          "start": 187.0715083802602,
          "end": 215.31347372800693
        },
        "data": {
          "start": 187540.33406524625,
          "end": 215877.48006524623
        }
      },
      {
        "video": {
          "start": 305.14361252810033,
          "end": 344.0251355964028
        },
        "data": {
          "start": 306010.36306524626,
          "end": 345022.9240652463
        }
      }
    ]
  ]
}