{
  "positionA": {
    "x": -15.31,
    "y": 8.23,
    "z": 30.2,
    "pitch": 2.1,
    "yaw": 3.86,
    "roll": 0.97
  },
  "positionB": {
    "x": -50,
    "y": 13.97,
    "z": 31.94,
    "pitch": -1.4000000000000001,
    "yaw": 3.18,
    "roll": 1.96
  },
  "positionBoth": {
    "x": -14.700000000000001,
    "y": 95.97,
    "z": -34.9,
    "pitch": 2.13,
    "yaw": -111.31,
    "roll": 0.15
  },
  "cameraTargetHeight": 130,
  "positionGround": -5,
  "playhead": 0.13579762542171117,
  "time": -0.2059281872333107
}