{
  "positionA": {
    "x": -30.89,
    "y": 2.94,
    "z": 36.76,
    "pitch": 1.5,
    "yaw": 2.54,
    "roll": 0.97
  },
  "positionB": {
    "x": -7.73,
    "y": 6.03,
    "z": 3.67,
    "pitch": -1.18,
    "yaw": -0.77,
    "roll": 1.96
  },
  "positionBoth": {
    "x": -13.98,
    "y": 95.95,
    "z": -22.8,
    "pitch": -0.07,
    "yaw": -102.58,
    "roll": 2.13
  },
  "cameraTargetHeight": 110,
  "positionGround": -11.91,
  "playhead": 0.1271872062722531,
  "time": 0.1616399347537647
}