
{
  "cameras": [
    {
      "fovx": 365.202301025,
      "fovy": 365.202301025,
      "ppx": 254.881698608,
      "ppy": 212.481292725,
      "width": 512.000000000,
      "height": 424.000000000,
      "minDepth": 1494.008666992,
      "maxDepth": 4640.523925781,
      "kinectAngle": 0,
      "posX": 0,
      "posY": 0,
      "posZ": 0

    },
    {
      "fovx": 364.552368164,
      "fovy": 364.552368164,
      "ppx": 259.363708496,
      "ppy": 205.818801880,
      "width": 512.000000000,
      "height": 424.000000000,
      "minDepth": 1530.150512695,
      "maxDepth": 5211.912109375,
    "kinectAngle": 0,
    "posX": 0,
    "posY": 0,
    "posZ": 0

    }
  ],
  "renderSettings": {
    "blackCutOff": 0.0,
    "particleSize": 4.79751720213208,
    "enableViewerDistScaling": 1,
    "enableKinectDistScaling": 1
  }


}
