{
  "positionA": {
     "x": -27.580000000000002,
     "y": 8.23,
     "z": 34.550000000000004,
     "pitch": 2.1,
     "yaw": 3.2,
     "roll": 0.97
   },
   "positionB": {
     "x": -4.42,
     "y": 13.97,
     "z": -20.59,
     "pitch": -1.4000000000000001,
     "yaw": -1.1,
     "roll": 1.96
   },
   "positionBoth": {
     "x": -0.74,
     "y": 77.75,
     "z": -16.18,
     "pitch": -3.16,
     "yaw": -102.58,
     "roll": 2.79
   },
  "cameraTargetHeight": 100,
  "positionGround": -20,
  "playhead": 0.1641708429688766,
  "time": 0.029294632625983308
}