{
  "positionA": {
    "x": -44.12,
    "y": 9.120000000000001,
    "z": 32.35,
    "pitch": 1,
    "yaw": 0.88,
    "roll": 1.57
  },
  "positionB": {
    "x": -40.82,
    "y": 8.67,
    "z": 34.550000000000004,
    "pitch": -1.84,
    "yaw": -1.43,
    "roll": 2.82
  },
  "positionBoth": {
    "x": -20.59,
    "y": 87.68,
    "z": -47.06,
    "pitch": 2.13,
    "yaw": -108.53,
    "roll": -1.4000000000000001
  },
  "cameraTargetHeight": 60,
  "positionGround": -15,
  "playhead": 1,
  "time": -0.4559714751758823
}