{
  "positionA": {
    "x": -30.89,
    "y": 2.94,
    "z": 36.76,
    "pitch": 1.5,
    "yaw": 2.54,
    "roll": 0.97
  },
  "positionB": {
    "x": -27.580000000000002,
    "y": 10,
    "z": -7.36,
    "pitch": -0.07,
    "yaw": -0.77,
    "roll": 1.96
  },
  "positionBoth": {
    "x": -7.36,
    "y": 92.64,
    "z": -42.65,
    "pitch": 1.25,
    "yaw": -108.53,
    "roll": -1.62
  },
  "cameraTargetHeight": 110,
  "positionGround": -15,
  "playhead": 0.15994009350513477,
  "time": 0.47044563971858855
}