{
  "positionA": {
    "x": -30.89,
    "y": 2.94,
    "z": 36.76,
    "pitch": 1.5,
    "yaw": 2.54,
    "roll": 0.97
  },
  "positionB": {
    "x": -37.87,
    "y": 7.3500000000000005,
    "z": -8.09,
    "pitch": -0.29,
    "yaw": 1.21,
    "roll": 1.3
  },
  "positionBoth": {
    "x": -2.95,
    "y": 94.3,
    "z": -40.44,
    "pitch": 1.25,
    "yaw": -104.56,
    "roll": -1.62
  },
  "cameraTargetHeight": 120,
  "positionGround": -15,
  "playhead": 0.2367357617730405,
  "time": -0.1471657702110587
}