
{
  "cameras": [
    {
      "fovx": 365.202301025,
      "fovy": 365.202301025,
      "ppx": 254.881698608,
      "ppy": 212.481292725,
      "width": 512.000000000,
      "height": 424.000000000,
        "minDepth": 1470.151611328,
        "maxDepth": 4621.409667969

    },
    {
      "fovx": 364.552368164,
      "fovy": 364.552368164,
      "ppx": 259.363708496,
      "ppy": 205.818801880,
      "width": 512.000000000,
      "height": 424.000000000,
        "minDepth": 1653.754272461,
        "maxDepth": 4853.346191406

    }
  ]


}